posting_key,posting_id,job_title,company_name,city,remote_type,salary_min,salary_max,salary_avg
1,1133826,Outside Sales Representative,Omada.ai,Eugene,On-site,,,
2,1133825,Operations Roles,Edirq,YaÃ¢ÂÂngamdo,On-site,,,
3,1133890,Ã¦ÂÂ°Ã¥ÂaâÃ¤Â1⁄2ÂÃ ̈Â¿ÂÃ ̈ÂÂ¥Ã§Âoâ¿Ã¤Â ̧,Ã¥Â¤Â§Ã¤Â1⁄4ÂÃ¦Â±Â1⁄2Ã ̈Â1⁄2Â¦Ã ̄Â1⁄4ÂÃ¤Â ̧Â­Ã¥ÂÂ1⁄2Ã ̄Â1⁄4Â,Ã ̈ÂÂÃ¥Â·Â,On-site,,,
4,1133889,Ã£ÂÂÃ ̈Â¿ÂÃ§Â ̈ÂÃ§Âoâ¿Ã¤Â ̧ÂÃ£ÂÂÃ¦ÂÂ°Ã¥ÂaâÃ¤Â1⁄2ÂÃ ̈Â¿ÂÃ ̈Â,Ã¥Â¤Â§Ã¤Â1⁄4ÂÃ¦Â±Â1⁄2Ã ̈Â1⁄2Â¦Ã ̄Â1⁄4ÂÃ¤Â ̧Â­Ã¥ÂÂ1⁄2Ã ̄Â1⁄4Â,Ã¦ÂÂ­Ã¥Â·Â,On-site,,,
5,1133812,Research And Quality Assistant,Cardiovascular Associates of America - CVAUSA,,,,,
6,1133822,Members Don'T Join For Dollar Value,Steward,Amreli,On-site,,,
7,1133823,Differentiating Membership Offers,Steward,Amreli,On-site,,,
8,1133817,Freelance Designer,Houseink Studio,Time,On-site,,,
9,1133848,Director Of Operations Msp Service Delivery,bdManagedIT,Madison,On-site,,,
10,1133802,Transport,Mississippi Army National Guard Biloxi Office,Indore,On-site,,,
11,1133824,Cyber,Mississippi Army National Guard Biloxi Office,Serilingampalli,On-site,,,
12,1133813,Chro,NeuLife Rehabilitation,Mount Dora,On-site,,,
13,1133749,Agente De Viajes Online,Viajes Marchante,EspaÃÂ±a,On-site,,,
14,1133748,Social Media Manager Fashion Brand,Twine,Australia,On-site,,,
15,1133840,Corporate,Valpak of Southeastern Wisconsin,Burlington,On-site,,,
16,1133828,Data Analyst Data Warehouse Analytics And Bi,OWL Services,Dallas-Fort Worth Metroplex,On-site,,,
17,1133811,Retoucher,Agency MJ,New York,On-site,,,
18,1133775,Assistant Store Manager,"Ross Stores, Inc.",Guayama,On-site,,,
19,1133744,Content Creator Ugc,Twine,,,,,
20,1133763,Manufacturing Operator I,Eaton,CanÃÂ3vanas,On-site,,,
21,1133814,Scrum Master,Haystack,Washington,On-site,,,
22,1133746,Ã¦ÂÂ°Ã¥ÂaâÃ¤Â1⁄2ÂÃ ̈Â¿ÂÃ ̈ÂÂ¥Ã ̄Â1⁄4ÂÃ§Âoâ¿Ã¤Â ̧ÂÃ ̄Â1⁄4,Ã¥Â¤Â§Ã¤Â1⁄4ÂÃ¦Â±Â1⁄2Ã ̈Â1⁄2Â¦Ã ̄Â1⁄4ÂÃ¤Â ̧Â­Ã¥ÂÂ1⁄2Ã ̄Â1⁄4Â,Ã¥ÂÂ¦Ã©ÂÂ ̈,On-site,,,
23,1133856,Project Scheduling Assistant,Talentoma,Pennsylvania,On-site,,,
24,1133838,Project Assistant,Talentoma,Pennsylvania,On-site,,,
25,1133737,Product Manager,Cambridge Spark,,,,,
26,1133736,Document Review Paralegals Fully Project,Montresor Legal,United Kingdom,On-site,,,
27,1133734,Social Media Manager Ã¢ÂÂ Luxury Fashion Tiktok & Instagram,Parisa Wang,United Kingdom,On-site,,,
28,1133849,Preparador A De Oposiciones De Magisterio,Ucademy,Madrid,On-site,,,
29,1133855,Office Assistant,SANY America,Washington DC-Baltimore Area,On-site,,,
30,1133730,Certified Cmmc Assessor,"OCT Consulting, LLC",McLean,On-site,,,
31,1133729,Growth Product Manager,AltaML,Canada,On-site,,,
32,1133728,Customer Support Associate,Max Retail,,,,,
33,1133829,No Experience,RG&amp;T Solutions,El Dorado,On-site,,,
34,1133830,Data Entry Clerk,RG&amp;T Solutions,Madison,On-site,,,
35,1133847,Product Tester,RG&amp;T Solutions,Joint Base Pearl Harbor-Hickam,On-site,,,
36,1133835,Administrative Assistant Research Panel,RG&amp;T Solutions,San Carlos,On-site,,,
37,1133820,Content Creator,Vive Social + PR,Toronto,On-site,,,
38,1133726,Cleaner,Dexterra,Nanaimo,On-site,,,
39,1133731,General Virtual Assistant,Ateneo de Manila University,Mandaluyong,On-site,,,
40,1133741,Live Chat Support,Ateneo de Manila University,Quezon City,On-site,,,
41,1133740,Bookkeeper,Ateneo de Manila University,Taguig,On-site,,,
42,1133816,Language Arts Teacher,Think Academy U.S,San Jose,On-site,,,
43,1133756,Tax Manager,AppleOne Employment Services,San Juan,On-site,,,
44,1133721,Care Coordinator,Empassion Health,,,,,
45,1133739,Pharmacy Technician,Coralisle Group Ltd.,Hamilton,On-site,,,
46,1133733,All Other Roles,Collate,San Francisco,On-site,,,
47,1133714,Junior Human Resources Assistant,Helic & Co,United States,On-site,,,
48,1133712,Director Of Operations,Robots & Pencils,Remote,Remote,,,
49,1133803,Register Now,CREW Resources Worldwide,Alwal,On-site,,,
50,1133724,Building Official 3 Inspections,City of New Westminster,New Westminster,On-site,,,
51,1133719,Director Of Communications,Wing,Palo Alto,On-site,,,
52,1133720,Fast Hire For Va Receptionist,OnlineJobs.PH,Arlington County,On-site,,,
53,1133738,Project Systems Specialist,Dart,George Town,On-site,,,
54,1133711,Social Media Manager,Rotaract Club of University of Ruhuna,New York,On-site,,,
55,1133882,Online Online Appointment Setter Booking Hotels Entry Level,Destination Careers,Georgia,On-site,,,
56,1133708,Influencer,Pashet,India,On-site,,,
57,1133833,Online Booking &Amp; Scheduling Coordinator,Destination Careers,New York,On-site,,,
58,1133810,Sales,Raksha Elite Solutions (Raksha Prime),Chandigarh,On-site,,,
59,1133836,Online Vacation Planning Assistant Entry Level,Destination Careers,New York,On-site,,,
60,1133713,Marketing Assistant,Brooklyn Cured,New York City Metropolitan Area,On-site,,,
61,1133806,Fashion Product Merchandising Manager Italy Market,CHANEL,Milano,On-site,,,
62,1133723,Election Officials,City of New Westminster,New Westminster,On-site,,,
63,1133805,Be A Part Of Ellipsis Academy Coaching Team,Ellipsis Academy,Moirang,On-site,,,
64,1133779,Manufacturing Manager,Eaton,Arecibo,On-site,,,
65,1133698,Executive Assistant France,Zirtual,France,On-site,,,
66,1133827,NiãÂ±Era Y Tutor A De Repaso,TUS Media,Madrid,On-site,,,
67,1133697,Employment Lawyer Fully,KMA Legal Recruitment,United Kingdom,On-site,,,
68,1133743,Entry Level Administrative Assistant,Recruitlytixs HR,ÃÂ§ÃÂÃÂ ÃÂ ̄ÃÂÃÂÃÂ©,On-site,,,
69,1133696,Junior Graphic Designer,Work Force Nexus,Remote,Remote,,,
70,1133695,Executive & Admin Assistant,Nexist,International,On-site,,,
71,1133809,Auxiliar De Despacho De Almacen Santiago,Tu Empleo RD,Santo Domingo Este,On-site,,,
72,1133818,Asistente Administrativa,Tu Empleo RD,Santo Domingo Este,On-site,,,
73,1133808,Buscando Una Asistente De Contabilidad,Tu Empleo RD,Santo Domingo Este,On-site,,,
74,1133693,Corporate Commercial Paralegal Fully,Leadenhall Search & Selection,United States,On-site,,,
75,1133692,AdministraãÂ§ÃÂ£O Virtual Segunda A Sexta Usd $5 Hr Remoto,Elevate Teams,Brasil,On-site,,,
76,1133691,Coordenador De Marketing Criativo,KÃÂsper,Brasil,On-site,,,
77,1133690,Analista De Relacionamento Com O Cliente Jr Remoto,Shopper.com.br,Brasil,On-site,,,
78,1133689,Analista De Software Sãªnior,Banco BV,SÃ£o Paulo,On-site,,,
79,1133710,Desktop Support Technician,Pathway Communications,Toronto,On-site,,,
80,1133815,Wholesale Experience &Amp; Events Associate,Julie Vos,Dallas,On-site,,,
81,1133716,Test Job Ad 2,TEST,Brisbane,On-site,,,
82,1133683,Executive Assistant,ChaosTrack,Unknown,On-site,,,
83,1133682,Customer Support Specialist,Velsera,Remote,Remote,,,
84,1133681,Data Entry Clerk Virtual Assistant,Sundayy,Unknown,On-site,,,
85,1133747,Social Media Content Editor,The Narrative Refinery,Ontario,On-site,,,
86,1133675,Operations Administrator,RECSEEKERS,Unknown,On-site,,,
87,1133671,Hr Administrative Assistant,Atlantic Health Strategiesâ¢,United States,On-site,,,
88,1133694,Documentation Specialist,Pinnacle Home Care,Englewood,On-site,,,
89,1133667,Senior Backend Engineer Studio Ai,Creative Fabrica,Unknown,On-site,,,
90,1133699,Customer Solutions Technician,Johnson Controls,Letchworth,On-site,,,
91,1133676,Graphic Designer,Swoon,New York,On-site,,,
92,1133684,Sales Director Dairy Ingredients,Kinisla,New York,On-site,,,
93,1133735,Strategy And Engagement Officer,"Ministry of Housing, Communities and Local Government",Cardiff,On-site,,,
94,1133685,Vp Strategic Customer Programs,Karbon,Chicago,On-site,,,
95,1133678,Vp Gm East &Amp; Control,"Mast-JÃ¤germeister US, Inc.",White Plains,On-site,,,
96,1133781,Crm Sr Analyst,PedidosYa,Managua,On-site,,,
97,1133679,Scrum Master,Blackstone Talent Group,Dallas-Fort Worth Metroplex,On-site,,,
98,1133662,Agent,Kier Group,Isleworth,On-site,,,
99,1133706,Call Center Agent Quality,Aljazira Bank | Ø¨ÙÙ Ø§ÙØ¬Ø²ÙØ±Ø©,Ø§ÙØ±ÙØ§Ø¶,On-site,,,
100,1133891,Key Account Executive Pro,Unilever,Navi Mumbai,On-site,,,
101,1133850,Digital Marketing Manager,Hunt St,,,,,
102,1133851,Human Resources Assistant,Recruit Lytics Hires,England,On-site,,,
103,1133887,Entry Level Administrative Assistant,Recruit Lytics Hires,ÃÂ§ÃÂÃÂ ÃÂ ̄ÃÂÃÂÃÂ©,On-site,,,
104,1133888,Data Entry Specialist Assistant Administrator,Recruit Lytics Hires,Hong Kong,On-site,,,
105,1133852,Virtual Executive Assistant,Recruit Lytics Hires,Friesland,On-site,,,
106,1133846,Data Analyst,iConsultera,,,,,
107,1133845,Marketing Coordinator,Blackstone Talent Group,Los Angeles Metropolitan Area,On-site,,,
108,1133839,Director Of Credit Risk,Made Card,New York City,On-site,,,
109,1133908,Area Sales Manager Chicago,Garage Beer,Chicago,On-site,,,
110,1133910,Area Sales Manager Michigan,Garage Beer,Detroit,On-site,,,
111,1133916,Digital Marketing Designer,Format,Toronto,On-site,,,
112,1133837,Amazon Forecasting Analyst,Buffalo Games,,,,,
113,1133834,Junior Supply Chain Analyst,Helic & Co,United States,On-site,,,
114,1133831,Executive Assistant,Virtana Corp.,United States,On-site,,,
115,1133945,Hiring For Air Ticketing Executive Ground Staff,MILLENNIUM GLOBAL SERVICE,Thiruvananthapuram,On-site,,,
116,1133927,Sales Development Representative,Vena Solutions,Indore,On-site,,,
117,1133898,Sin Experiencia Remoto AtenciãÂ3N Al Cliente,GEA PerÃÂo,Lima,On-site,,,
118,1133899,Operador De Portaria Remota Salvador Ba,BuscarVagas - Empregos Brasil,Salvador,On-site,,,
119,1133926,Watch Technician,Seddiqi Holding,ÃÂ£ÃÂ ̈ÃÂ ÃÂ ̧ÃÂ ̈ÃÂ,On-site,,,
120,1133896,Hr Business Partner,"Ministry of Housing, Communities and Local Government",London,On-site,,,
121,1133949,Optometrist Mangalore,Reliance Retail,Mangaluru,On-site,,,
122,1133954,Sales Associate Villeroy &Amp; Boch,SARA Group,ÃÂ ÃÂ3ÃÂÃÂ·,On-site,,,
123,1133962,Project Manager,"Leapfrog Technology, Inc.",Kathmandu,On-site,,,
