location_key,country,state,city,remote_flag,remote_type
1,,,Eugene,,On-site
2,,,"YaГўВҖВҷngamdo, ",,On-site
3,,,"ГЁВӢВҸГҘВ·Вһ, ",,On-site
4,,,"ГҰВқВӯГҘВ·Вһ, ",,On-site
5,,,,,On-site
6,,,"Amreli, ",,On-site
7,,,"Time, ",,On-site
8,,,"Madison, Madison, Georgia, United States",,On-site
9,,,"Indore, ",,On-site
10,,,"Serilingampalli, ",,On-site
11,,,"Mount Dora, ",,On-site
12,,,"EspaГғВұa, ",,On-site
13,,,"Australia, ",,On-site
14,,,"Burlington, ",,On-site
15,,,"Dallas-Fort Worth Metroplex, ",,On-site
16,,,"New York, New York, New York, United States",,On-site
17,,,"Guayama, ",,On-site
18,,,"CanГғВіvanas, ",,On-site
19,,,"Washington, Washington, District of Columbia, United States",,On-site
20,,,"ГҘВҺВҰГ©В—ВЁ, ",,On-site
21,,,"Pennsylvania, Pennsylvania, United States",,On-site
22,,,"United Kingdom, ",,On-site
23,,,"Madrid, Madrid, Comunidad de Madrid, EspaГғВұa",,On-site
24,,,Washington DC-Baltimore Area,,On-site
25,,,McLean,,On-site
26,,,Canada,,On-site
27,,,Remote,,Remote
28,,,"El Dorado, ",,On-site
29,,,"Madison, ",,On-site
30,,,"Joint Base Pearl Harbor-Hickam, ",,On-site
31,,,"San Carlos, ",,On-site
32,,,"Toronto, Toronto, Ontario, Canada",,On-site
33,,,"Nanaimo, ",,On-site
34,,,"Mandaluyong, Mandaluyong, National Capital Region, Philippines",,On-site
35,,,"Quezon City, Quezon City, National Capital Region, Philippines",,On-site
36,,,"Taguig, Taguig, National Capital Region, Philippines",,On-site
37,,,"San Jose, San Jose, California, United States",,On-site
38,,,"San Juan, ",,On-site
39,,,"Hamilton, ",,On-site
40,,,"San Francisco, ",,On-site
41,,,"United States, ",,On-site
42,,,"Remote, ",,Remote
43,,,"Alwal, ",,On-site
44,,,"New Westminster, ",,On-site
45,,,"Palo Alto, Palo Alto, California, United States",,On-site
46,,,"Arlington County, ",,On-site
47,,,"George Town, ",,On-site
48,,,"New York, New York, United States",,On-site
49,,,"Georgia, Georgia, United States",,On-site
50,,,"India, ",,On-site
51,,,"Chandigarh, Chandigarh, India",,On-site
52,,,New York City Metropolitan Area,,On-site
53,,,"Milano, ",,On-site
54,,,"Moirang, ",,On-site
55,,,"Arecibo, ",,On-site
56,,,"France, ",,On-site
57,,,"ГҳВ§ГҷВ„ГҷВ…ГҳВҜГҷВҠГҷВҶГҳВ©, ГҳВ§ГҷВ„ГҷВ…ГҳВҜГҷВҠГҷВҶГҳВ© ГҳВ§ГҷВ„ГҷВ…ГҳВҜГҷВҠГҷВҶГҳВ© ГҳВ§ГҷВ„ГҳВіГҳВ№ГҷВҲГҳВҜГҷВҠГҳВ©",,On-site
58,,,"International, ",,On-site
59,,,"Santo Domingo Este, ",,On-site
60,,,"Brasil, ",,On-site
61,,,SГғВЈo Paulo,,On-site
62,,,"Dallas, Dallas, Texas, United States",,On-site
63,,,"Brisbane, ",,On-site
64,,,"US Remote, ",,Remote
65,,,"Ontario, Ontario, Canada",,On-site
66,,,"Englewood, Englewood, Florida, United States",,On-site
67,,,"Letchworth, ",,On-site
68,,,"Cardiff, ",,On-site
69,,,"Chicago, Chicago, Illinois, United States",,On-site
70,,,"White Plains, White Plains, New York, United States",,On-site
71,,,"Managua, ",,On-site
72,,,Dallas-Fort Worth Metroplex,,On-site
73,,,"Isleworth, ",,On-site
74,,,"ГҳВ§ГҷВ„ГҳВұГҷВҠГҳВ§ГҳВ¶, ГҳВ§ГҷВ„ГҳВұГҷВҠГҳВ§ГҳВ¶ ГҳВ§ГҷВ„ГҳВіГҳВ№ГҷВҲГҳВҜГҷВҠГҳВ©",,On-site
75,,,"Navi Mumbai, Navi Mumbai, Maharashtra, India",,On-site
